{
    "model_parameters":
    {
            "beta_11": 0.19188309203678316,
            "beta_12": 0.16789770553218525,
            "beta_21": 0.16789770553218525,
            "beta_22": 0.14391231902758736,
            "gamma": 0.125
    },
    "population_parameters":
    {
	"pop_size_1": 1000,
	"pop_size_2": 500
    },
    "burden_parameters":
    {
            "prop_hosp_inf": 0.02,
            "days_hosp_inf_1": 3.075,
            "days_hosp_inf_2": 7.60,
            "prop_hosp_vacc_1": 0.004,
            "prop_hosp_vacc_2": 0.002,
            "days_hosp_vacc_1": 6.0,
            "days_hosp_vacc_2": 6.0,
            "vacc_protection_from_disease_1": 0.825,
            "vacc_protection_from_disease_2": 0.825
    },
    "database_file": "out/grid_database.pkl"
}
